-- phpMyAdmin SQL Dump
-- version 5.2.1
-- https://www.phpmyadmin.net/
--
-- Host: 127.0.0.1
-- Generation Time: Apr 30, 2025 at 02:24 PM
-- Server version: 10.4.32-MariaDB
-- PHP Version: 8.2.12

SET SQL_MODE = "NO_AUTO_VALUE_ON_ZERO";
START TRANSACTION;
SET time_zone = "+00:00";


/*!40101 SET @OLD_CHARACTER_SET_CLIENT=@@CHARACTER_SET_CLIENT */;
/*!40101 SET @OLD_CHARACTER_SET_RESULTS=@@CHARACTER_SET_RESULTS */;
/*!40101 SET @OLD_COLLATION_CONNECTION=@@COLLATION_CONNECTION */;
/*!40101 SET NAMES utf8mb4 */;

--
-- Database: `transport_management_system`
--

-- --------------------------------------------------------

--
-- Table structure for table `admin`
--

CREATE TABLE `admin` (
  `admin_ID` int(11) NOT NULL,
  `admin_username` varchar(50) NOT NULL,
  `admin_password` varchar(255) NOT NULL,
  `admin_name` varchar(100) NOT NULL,
  `admin_lastname` varchar(100) NOT NULL,
  `created_at` timestamp NOT NULL DEFAULT current_timestamp()
) ENGINE=InnoDB DEFAULT CHARSET=utf8 COLLATE=utf8_general_ci;

--
-- Dumping data for table `admin`
--

INSERT INTO `admin` (`admin_ID`, `admin_username`, `admin_password`, `admin_name`, `admin_lastname`, `created_at`) VALUES
(1, 'admin', '$2y$10$Od/32Sjh2j5HreXL2B/LvePRbq78IUzYCHxQ18kLkvDux5hnPoPXm', 'test', 'test', '2025-01-16 03:12:16');

-- --------------------------------------------------------

--
-- Table structure for table `amphur`
--

CREATE TABLE `amphur` (
  `AMPHUR_ID` int(5) NOT NULL,
  `AMPHUR_NAME` varchar(150) NOT NULL,
  `PROVINCE_ID` int(5) NOT NULL DEFAULT 0
) ENGINE=InnoDB DEFAULT CHARSET=utf8 COLLATE=utf8_unicode_ci;

--
-- Dumping data for table `amphur`
--

INSERT INTO `amphur` (`AMPHUR_ID`, `AMPHUR_NAME`, `PROVINCE_ID`) VALUES
(1, 'เขตพระนคร   ', 1),
(2, 'เขตดุสิต   ', 1),
(3, 'เขตหนองจอก   ', 1),
(4, 'เขตบางรัก   ', 1),
(5, 'เขตบางเขน   ', 1),
(6, 'เขตบางกะปิ   ', 1),
(7, 'เขตปทุมวัน   ', 1),
(8, 'เขตป้อมปราบศัตรูพ่าย   ', 1),
(9, 'เขตพระโขนง   ', 1),
(10, 'เขตมีนบุรี   ', 1),
(11, 'เขตลาดกระบัง   ', 1),
(12, 'เขตยานนาวา   ', 1),
(13, 'เขตสัมพันธวงศ์   ', 1),
(14, 'เขตพญาไท   ', 1),
(15, 'เขตธนบุรี   ', 1),
(16, 'เขตบางกอกใหญ่   ', 1),
(17, 'เขตห้วยขวาง   ', 1),
(18, 'เขตคลองสาน   ', 1),
(19, 'เขตตลิ่งชัน   ', 1),
(20, 'เขตบางกอกน้อย   ', 1),
(21, 'เขตบางขุนเทียน   ', 1),
(22, 'เขตภาษีเจริญ   ', 1),
(23, 'เขตหนองแขม   ', 1),
(24, 'เขตราษฎร์บูรณะ   ', 1),
(25, 'เขตบางพลัด   ', 1),
(26, 'เขตดินแดง   ', 1),
(27, 'เขตบึงกุ่ม   ', 1),
(28, 'เขตสาทร   ', 1),
(29, 'เขตบางซื่อ   ', 1),
(30, 'เขตจตุจักร   ', 1),
(31, 'เขตบางคอแหลม   ', 1),
(32, 'เขตประเวศ   ', 1),
(33, 'เขตคลองเตย   ', 1),
(34, 'เขตสวนหลวง   ', 1),
(35, 'เขตจอมทอง   ', 1),
(36, 'เขตดอนเมือง   ', 1),
(37, 'เขตราชเทวี   ', 1),
(38, 'เขตลาดพร้าว   ', 1),
(39, 'เขตวัฒนา   ', 1),
(40, 'เขตบางแค   ', 1),
(41, 'เขตหลักสี่   ', 1),
(42, 'เขตสายไหม   ', 1),
(43, 'เขตคันนายาว   ', 1),
(44, 'เขตสะพานสูง   ', 1),
(45, 'เขตวังทองหลาง   ', 1),
(46, 'เขตคลองสามวา   ', 1),
(47, 'เขตบางนา   ', 1),
(48, 'เขตทวีวัฒนา   ', 1),
(49, 'เขตทุ่งครุ   ', 1),
(50, 'เขตบางบอน   ', 1),
(52, 'เมืองสมุทรปราการ   ', 2),
(53, 'บางบ่อ   ', 2),
(54, 'บางพลี   ', 2),
(55, 'พระประแดง   ', 2),
(56, 'พระสมุทรเจดีย์   ', 2),
(57, 'บางเสาธง   ', 2),
(58, 'เมืองนนทบุรี   ', 3),
(59, 'บางกรวย   ', 3),
(60, 'บางใหญ่   ', 3),
(61, 'บางบัวทอง   ', 3),
(62, 'ไทรน้อย   ', 3),
(63, 'ปากเกร็ด   ', 3),
(66, 'เมืองปทุมธานี   ', 4),
(67, 'คลองหลวง   ', 4),
(68, 'ธัญบุรี   ', 4),
(69, 'หนองเสือ   ', 4),
(70, 'ลาดหลุมแก้ว   ', 4),
(71, 'ลำลูกกา   ', 4),
(72, 'สามโคก   ', 4),
(74, 'พระนครศรีอยุธยา   ', 5),
(75, 'ท่าเรือ   ', 5),
(76, 'นครหลวง   ', 5),
(77, 'บางไทร   ', 5),
(78, 'บางบาล   ', 5),
(79, 'บางปะอิน   ', 5),
(80, 'บางปะหัน   ', 5),
(81, 'ผักไห่   ', 5),
(82, 'ภาชี   ', 5),
(83, 'ลาดบัวหลวง   ', 5),
(84, 'วังน้อย   ', 5),
(85, 'เสนา   ', 5),
(86, 'บางซ้าย   ', 5),
(87, 'อุทัย   ', 5),
(88, 'มหาราช   ', 5),
(89, 'บ้านแพรก   ', 5),
(90, 'เมืองอ่างทอง   ', 6),
(91, 'ไชโย   ', 6),
(92, 'ป่าโมก   ', 6),
(93, 'โพธิ์ทอง   ', 6),
(94, 'แสวงหา   ', 6),
(95, 'วิเศษชัยชาญ   ', 6),
(96, 'สามโก้   ', 6),
(97, 'เมืองลพบุรี   ', 7),
(98, 'พัฒนานิคม   ', 7),
(99, 'โคกสำโรง   ', 7),
(100, 'ชัยบาดาล   ', 7),
(101, 'ท่าวุ้ง   ', 7),
(102, 'บ้านหมี่   ', 7),
(103, 'ท่าหลวง   ', 7),
(104, 'สระโบสถ์   ', 7),
(105, 'โคกเจริญ   ', 7),
(106, 'ลำสนธิ   ', 7),
(107, 'หนองม่วง   ', 7),
(109, 'เมืองสิงห์บุรี   ', 8),
(110, 'บางระจัน   ', 8),
(111, 'ค่ายบางระจัน   ', 8),
(112, 'พรหมบุรี   ', 8),
(113, 'ท่าช้าง   ', 8),
(114, 'อินทร์บุรี   ', 8),
(115, 'เมืองชัยนาท   ', 9),
(116, 'มโนรมย์   ', 9),
(117, 'วัดสิงห์   ', 9),
(118, 'สรรพยา   ', 9),
(119, 'สรรคบุรี   ', 9),
(120, 'หันคา   ', 9),
(121, 'หนองมะโมง   ', 9),
(122, 'เนินขาม   ', 9),
(123, 'เมืองสระบุรี   ', 10),
(124, 'แก่งคอย   ', 10),
(125, 'หนองแค   ', 10),
(126, 'วิหารแดง   ', 10),
(127, 'หนองแซง   ', 10),
(128, 'บ้านหมอ   ', 10),
(129, 'ดอนพุด   ', 10),
(130, 'หนองโดน   ', 10),
(131, 'พระพุทธบาท   ', 10),
(132, 'เสาไห้   ', 10),
(133, 'มวกเหล็ก   ', 10),
(134, 'วังม่วง   ', 10),
(135, 'เฉลิมพระเกียรติ(10-กทม.)', 10),
(136, 'เมืองชลบุรี   ', 11),
(137, 'บ้านบึง   ', 11),
(138, 'หนองใหญ่   ', 11),
(139, 'บางละมุง   ', 11),
(140, 'พานทอง   ', 11),
(141, 'พนัสนิคม   ', 11),
(142, 'ศรีราชา   ', 11),
(143, 'เกาะสีชัง   ', 11),
(144, 'สัตหีบ   ', 11),
(145, 'บ่อทอง   ', 11),
(146, 'เกาะจันทร์   ', 11),
(147, 'สัตหีบ (สาขาตำบลบางเสร่)*   ', 11),
(148, 'ท้องถิ่นเทศบาลเมืองหนองปรือ*   ', 11),
(149, 'เทศบาลตำบลแหลมฉบัง*   ', 11),
(150, 'เทศบาลเมืองชลบุรี*   ', 11),
(151, 'เมืองระยอง   ', 12),
(152, 'บ้านฉาง   ', 12),
(153, 'แกลง   ', 12),
(154, 'วังจันทร์   ', 12),
(155, 'บ้านค่าย   ', 12),
(156, 'ปลวกแดง   ', 12),
(157, 'เขาชะเมา   ', 12),
(158, 'นิคมพัฒนา   ', 12),
(159, 'สาขาตำบลมาบข่า*   ', 12),
(160, 'เมืองจันทบุรี   ', 13),
(161, 'ขลุง   ', 13),
(162, 'ท่าใหม่   ', 13),
(163, 'โป่งน้ำร้อน   ', 13),
(164, 'มะขาม   ', 13),
(165, 'แหลมสิงห์   ', 13),
(166, 'สอยดาว   ', 13),
(167, 'แก่งหางแมว   ', 13),
(168, 'นายายอาม   ', 13),
(169, 'เขาคิชฌกูฏ   ', 13),
(170, '*กิ่ง อ.กำพุธ  จ.จันทบุรี   ', 13),
(171, 'เมืองตราด   ', 14),
(172, 'คลองใหญ่   ', 14),
(173, 'เขาสมิง   ', 14),
(174, 'บ่อไร่   ', 14),
(175, 'แหลมงอบ   ', 14),
(176, 'เกาะกูด   ', 14),
(177, 'เกาะช้าง   ', 14),
(178, 'เมืองฉะเชิงเทรา   ', 15),
(179, 'บางคล้า   ', 15),
(180, 'บางน้ำเปรี้ยว   ', 15),
(181, 'บางปะกง   ', 15),
(182, 'บ้านโพธิ์   ', 15),
(183, 'พนมสารคาม   ', 15),
(184, 'ราชสาส์น   ', 15),
(185, 'สนามชัยเขต   ', 15),
(186, 'แปลงยาว   ', 15),
(187, 'ท่าตะเกียบ   ', 15),
(188, 'คลองเขื่อน   ', 15),
(189, 'เมืองปราจีนบุรี   ', 16),
(190, 'กบินทร์บุรี   ', 16),
(191, 'นาดี   ', 16),
(192, '*สระแก้ว   ', 16),
(193, '*วังน้ำเย็น   ', 16),
(194, 'บ้านสร้าง   ', 16),
(195, 'ประจันตคาม   ', 16),
(196, 'ศรีมหาโพธิ   ', 16),
(197, 'ศรีมโหสถ   ', 16),
(198, '*อรัญประเทศ   ', 16),
(199, '*ตาพระยา   ', 16),
(200, '*วัฒนานคร   ', 16),
(201, '*คลองหาด   ', 16),
(202, 'เมืองนครนายก   ', 17),
(203, 'ปากพลี   ', 17),
(204, 'บ้านนา   ', 17),
(205, 'องครักษ์   ', 17),
(206, 'เมืองสระแก้ว   ', 18),
(207, 'คลองหาด   ', 18),
(208, 'ตาพระยา   ', 18),
(209, 'วังน้ำเย็น   ', 18),
(210, 'วัฒนานคร   ', 18),
(211, 'อรัญประเทศ   ', 18),
(212, 'เขาฉกรรจ์   ', 18),
(213, 'โคกสูง   ', 18),
(214, 'วังสมบูรณ์   ', 18),
(215, 'เมืองนครราชสีมา   ', 19),
(216, 'ครบุรี   ', 19),
(217, 'เสิงสาง   ', 19),
(218, 'คง   ', 19),
(219, 'บ้านเหลื่อม   ', 19),
(220, 'จักราช   ', 19),
(221, 'โชคชัย   ', 19),
(222, 'ด่านขุนทด   ', 19),
(223, 'โนนไทย   ', 19),
(224, 'โนนสูง   ', 19),
(225, 'ขามสะแกแสง   ', 19),
(226, 'บัวใหญ่   ', 19),
(227, 'ประทาย   ', 19),
(228, 'ปักธงชัย   ', 19),
(229, 'พิมาย   ', 19),
(230, 'ห้วยแถลง   ', 19),
(231, 'ชุมพวง   ', 19),
(232, 'สูงเนิน   ', 19),
(233, 'ขามทะเลสอ   ', 19),
(234, 'สีคิ้ว   ', 19),
(235, 'ปากช่อง   ', 19),
(236, 'หนองบุญมาก   ', 19),
(237, 'แก้งสนามนาง   ', 19),
(238, 'โนนแดง   ', 19),
(239, 'วังน้ำเขียว   ', 19),
(240, 'เทพารักษ์   ', 19),
(241, 'เมืองยาง   ', 19),
(242, 'พระทองคำ   ', 19),
(243, 'ลำทะเมนชัย   ', 19),
(244, 'บัวลาย   ', 19),
(245, 'สีดา   ', 19),
(246, 'เฉลิมพระเกียรติ(สระบุรี)', 19),
(247, 'ท้องถิ่นเทศบาลตำบลโพธิ์กลาง*   ', 19),
(248, 'สาขาตำบลมะค่า-พลสงคราม*   ', 19),
(249, '*โนนลาว   ', 19),
(250, 'เมืองบุรีรัมย์   ', 20),
(251, 'คูเมือง   ', 20),
(252, 'กระสัง', 20),
(253, 'นางรอง   ', 20),
(254, 'หนองกี่   ', 20),
(255, 'ละหานทราย   ', 20),
(256, 'ประโคนชัย   ', 20),
(257, 'บ้านกรวด   ', 20),
(258, 'พุทไธสง   ', 20),
(259, 'ลำปลายมาศ   ', 20),
(260, 'สตึก   ', 20),
(261, 'ปะคำ   ', 20),
(262, 'นาโพธิ์   ', 20),
(263, 'หนองหงส์   ', 20),
(264, 'พลับพลาชัย   ', 20),
(265, 'ห้วยราช   ', 20),
(266, 'โนนสุวรรณ   ', 20),
(267, 'ชำนิ   ', 20),
(268, 'บ้านใหม่ไชยพจน์   ', 20),
(269, 'โนนดินแดง   ', 20),
(270, 'บ้านด่าน   ', 20),
(271, 'แคนดง   ', 20),
(272, 'เฉลิมพระเกียรติ(20-ชลบุรี)', 20),
(273, 'เมืองสุรินทร์   ', 21),
(274, 'ชุมพลบุรี   ', 21),
(275, 'ท่าตูม   ', 21),
(276, 'จอมพระ   ', 21),
(277, 'ปราสาท   ', 21),
(278, 'กาบเชิง   ', 21),
(279, 'รัตนบุรี   ', 21),
(280, 'สนม   ', 21),
(281, 'ศีขรภูมิ   ', 21),
(282, 'สังขะ   ', 21),
(283, 'ลำดวน   ', 21),
(284, 'สำโรงทาบ   ', 21),
(285, 'บัวเชด   ', 21),
(286, 'พนมดงรัก   ', 21),
(287, 'ศรีณรงค์   ', 21),
(288, 'เขวาสินรินทร์   ', 21),
(289, 'โนนนารายณ์   ', 21),
(290, 'เมืองศรีสะเกษ   ', 22),
(291, 'ยางชุมน้อย   ', 22),
(292, 'กันทรารมย์   ', 22),
(293, 'กันทรลักษ์   ', 22),
(294, 'ขุขันธ์   ', 22),
(295, 'ไพรบึง   ', 22),
(296, 'ปรางค์กู่   ', 22),
(297, 'ขุนหาญ   ', 22),
(298, 'ราษีไศล   ', 22),
(299, 'อุทุมพรพิสัย   ', 22),
(300, 'บึงบูรพ์   ', 22),
(301, 'ห้วยทับทัน   ', 22),
(302, 'โนนคูณ   ', 22),
(303, 'ศรีรัตนะ   ', 22),
(304, 'น้ำเกลี้ยง   ', 22),
(305, 'วังหิน   ', 22),
(306, 'ภูสิงห์   ', 22),
(307, 'เมืองจันทร์   ', 22),
(308, 'เบญจลักษ์   ', 22),
(309, 'พยุห์   ', 22),
(310, 'โพธิ์ศรีสุวรรณ   ', 22),
(311, 'ศิลาลาด   ', 22),
(312, 'เมืองอุบลราชธานี   ', 23),
(313, 'ศรีเมืองใหม่   ', 23),
(314, 'โขงเจียม   ', 23),
(315, 'เขื่องใน   ', 23),
(316, 'เขมราฐ   ', 23),
(317, '*ชานุมาน   ', 23),
(318, 'เดชอุดม   ', 23),
(319, 'นาจะหลวย   ', 23),
(320, 'น้ำยืน   ', 23),
(321, 'บุณฑริก   ', 23),
(322, 'ตระการพืชผล   ', 23),
(323, 'กุดข้าวปุ้น   ', 23),
(324, '*พนา   ', 23),
(325, 'ม่วงสามสิบ   ', 23),
(326, 'วารินชำราบ   ', 23),
(327, '*อำนาจเจริญ   ', 23),
(328, '*เสนางคนิคม   ', 23),
(329, '*หัวตะพาน   ', 23),
(330, 'พิบูลมังสาหาร   ', 23),
(331, 'ตาลสุม   ', 23),
(332, 'โพธิ์ไทร   ', 23),
(333, 'สำโรง   ', 23),
(334, '*กิ่งอำเภอลืออำนาจ   ', 23),
(335, 'ดอนมดแดง   ', 23),
(336, 'สิรินธร   ', 23),
(337, 'ทุ่งศรีอุดม   ', 23),
(338, '*ปทุมราชวงศา   ', 23),
(339, '*กิ่งอำเภอศรีหลักชัย   ', 23),
(340, 'นาเยีย   ', 23),
(341, 'นาตาล   ', 23),
(342, 'เหล่าเสือโก้ก   ', 23),
(343, 'สว่างวีระวงศ์   ', 23),
(344, 'น้ำขุ่น   ', 23),
(345, '*อ.สุวรรณวารี  จ.อุบลราชธานี   ', 23),
(346, 'เมืองยโสธร   ', 24),
(347, 'ทรายมูล   ', 24),
(348, 'กุดชุม   ', 24),
(349, 'คำเขื่อนแก้ว   ', 24),
(350, 'ป่าติ้ว   ', 24),
(351, 'มหาชนะชัย   ', 24),
(352, 'ค้อวัง   ', 24),
(353, 'เลิงนกทา   ', 24),
(354, 'ไทยเจริญ   ', 24),
(355, 'เมืองชัยภูมิ   ', 25),
(356, 'บ้านเขว้า   ', 25),
(357, 'คอนสวรรค์   ', 25),
(358, 'เกษตรสมบูรณ์   ', 25),
(359, 'หนองบัวแดง   ', 25),
(360, 'จัตุรัส   ', 25),
(361, 'บำเหน็จณรงค์   ', 25),
(362, 'หนองบัวระเหว   ', 25),
(363, 'เทพสถิต   ', 25),
(364, 'ภูเขียว   ', 25),
(365, 'บ้านแท่น   ', 25),
(366, 'แก้งคร้อ   ', 25),
(367, 'คอนสาร   ', 25),
(368, 'ภักดีชุมพล   ', 25),
(369, 'เนินสง่า   ', 25),
(370, 'ซับใหญ่   ', 25),
(371, 'เมืองชัยภูมิ (สาขาตำบลโนนสำราญ)*   ', 25),
(372, 'สาขาตำบลบ้านหว่าเฒ่า*   ', 25),
(373, 'หนองบัวแดง (สาขาตำบลวังชมภู)*   ', 25),
(374, 'กิ่งอำเภอซับใหญ่ (สาขาตำบลซับใหญ่)*   ', 25),
(375, 'สาขาตำบลโคกเพชร*   ', 25),
(376, 'เทพสถิต (สาขาตำบลนายางกลัก)*   ', 25),
(377, 'บ้านแท่น (สาขาตำบลบ้านเต่า)*   ', 25),
(378, 'แก้งคร้อ (สาขาตำบลท่ามะไฟหวาน)*   ', 25),
(379, 'คอนสาร (สาขาตำบลโนนคูณ)*   ', 25),
(380, 'เมืองอำนาจเจริญ   ', 26),
(381, 'ชานุมาน   ', 26),
(382, 'ปทุมราชวงศา   ', 26),
(383, 'พนา   ', 26),
(384, 'เสนางคนิคม   ', 26),
(385, 'หัวตะพาน   ', 26),
(386, 'ลืออำนาจ   ', 26),
(387, 'เมืองหนองบัวลำภู   ', 27),
(388, 'นากลาง   ', 27),
(389, 'โนนสัง   ', 27),
(390, 'ศรีบุญเรือง   ', 27),
(391, 'สุวรรณคูหา   ', 27),
(392, 'นาวัง   ', 27),
(393, 'เมืองขอนแก่น   ', 28),
(394, 'บ้านฝาง   ', 28),
(395, 'พระยืน   ', 28),
(396, 'หนองเรือ   ', 28),
(397, 'ชุมแพ   ', 28),
(398, 'สีชมพู   ', 28),
(399, 'น้ำพอง   ', 28),
(400, 'อุบลรัตน์   ', 28),
(401, 'กระนวน   ', 28),
(402, 'บ้านไผ่   ', 28),
(403, 'เปือยน้อย   ', 28),
(404, 'พล   ', 28),
(405, 'แวงใหญ่   ', 28),
(406, 'แวงน้อย   ', 28),
(407, 'หนองสองห้อง   ', 28),
(408, 'ภูเวียง   ', 28),
(409, 'มัญจาคีรี   ', 28),
(410, 'ชนบท   ', 28),
(411, 'เขาสวนกวาง   ', 28),
(412, 'ภูผาม่าน   ', 28),
(413, 'ซำสูง   ', 28),
(414, 'โคกโพธิ์ไชย   ', 28),
(415, 'หนองนาคำ   ', 28),
(416, 'บ้านแฮด   ', 28),
(417, 'โนนศิลา   ', 28),
(418, 'เวียงเก่า   ', 28),
(419, 'ท้องถิ่นเทศบาลตำบลบ้านเป็ด*   ', 28),
(420, 'เทศบาลตำบลเมืองพล*   ', 28),
(421, 'เมืองอุดรธานี   ', 29),
(422, 'กุดจับ   ', 29),
(423, 'หนองวัวซอ   ', 29),
(424, 'กุมภวาปี   ', 29),
(425, 'โนนสะอาด   ', 29),
(426, 'หนองหาน   ', 29),
(427, 'ทุ่งฝน   ', 29),
(428, 'ไชยวาน   ', 29),
(429, 'ศรีธาตุ   ', 29),
(430, 'วังสามหมอ   ', 29),
(431, 'บ้านดุง   ', 29),
(432, '*หนองบัวลำภู   ', 29),
(433, '*ศรีบุญเรือง   ', 29),
(434, '*นากลาง   ', 29),
(435, '*สุวรรณคูหา   ', 29),
(436, '*โนนสัง   ', 29),
(437, 'บ้านผือ   ', 29),
(438, 'น้ำโสม   ', 29),
(439, 'เพ็ญ   ', 29),
(440, 'สร้างคอม   ', 29),
(441, 'หนองแสง   ', 29),
(442, 'นายูง   ', 29),
(443, 'พิบูลย์รักษ์   ', 29),
(444, 'กู่แก้ว   ', 29),
(445, 'ประจักษ์ศิลปาคม   ', 29),
(446, 'เมืองเลย   ', 30),
(447, 'นาด้วง   ', 30),
(448, 'เชียงคาน   ', 30),
(449, 'ปากชม   ', 30),
(450, 'ด่านซ้าย   ', 30),
(451, 'นาแห้ว   ', 30),
(452, 'ภูเรือ   ', 30),
(453, 'ท่าลี่   ', 30),
(454, 'วังสะพุง   ', 30),
(455, 'ภูกระดึง   ', 30),
(456, 'ภูหลวง   ', 30),
(457, 'ผาขาว   ', 30),
(458, 'เอราวัณ   ', 30),
(459, 'หนองหิน   ', 30),
(460, 'เมืองหนองคาย   ', 31),
(461, 'ท่าบ่อ   ', 31),
(462, 'เมืองบึงกาฬ   ', 97),
(463, 'พรเจริญ   ', 97),
(464, 'โพนพิสัย   ', 31),
(465, 'โซ่พิสัย   ', 97),
(466, 'ศรีเชียงใหม่   ', 31),
(467, 'สังคม   ', 31),
(468, 'เซกา   ', 97),
(469, 'ปากคาด   ', 97),
(470, 'บึงโขงหลง   ', 97),
(471, 'ศรีวิไล   ', 97),
(472, 'บุ่งคล้า   ', 97),
(473, 'สระใคร   ', 31),
(474, 'เฝ้าไร่   ', 31),
(475, 'รัตนวาปี   ', 31),
(476, 'โพธิ์ตาก   ', 31),
(477, 'เมืองมหาสารคาม   ', 32),
(478, 'แกดำ   ', 32),
(479, 'โกสุมพิสัย   ', 32),
(480, 'กันทรวิชัย   ', 32),
(481, 'เชียงยืน   ', 32),
(482, 'บรบือ   ', 32),
(483, 'นาเชือก   ', 32),
(484, 'พยัคฆภูมิพิสัย   ', 32),
(485, 'วาปีปทุม   ', 32),
(486, 'นาดูน   ', 32),
(487, 'ยางสีสุราช   ', 32),
(488, 'กุดรัง   ', 32),
(489, 'ชื่นชม   ', 32),
(490, '*หลุบ   ', 32),
(491, 'เมืองร้อยเอ็ด   ', 33),
(492, 'เกษตรวิสัย   ', 33),
(493, 'ปทุมรัตต์   ', 33),
(494, 'จตุรพักตรพิมาน   ', 33),
(495, 'ธวัชบุรี   ', 33),
(496, 'พนมไพร   ', 33),
(497, 'โพนทอง   ', 33),
(498, 'โพธิ์ชัย   ', 33),
(499, 'หนองพอก   ', 33),
(500, 'เสลภูมิ   ', 33),
(501, 'สุวรรณภูมิ   ', 33),
(502, 'เมืองสรวง   ', 33),
(503, 'โพนทราย   ', 33),
(504, 'อาจสามารถ   ', 33),
(505, 'เมยวดี   ', 33),
(506, 'ศรีสมเด็จ   ', 33),
(507, 'จังหาร   ', 33),
(508, 'เชียงขวัญ   ', 33),
(509, 'หนองฮี   ', 33),
(510, 'ทุ่งเขาหลวง   ', 33),
(511, 'เมืองกาฬสินธุ์   ', 34),
(512, 'นามน   ', 34),
(513, 'กมลาไสย   ', 34),
(514, 'ร่องคำ   ', 34),
(515, 'กุฉินารายณ์   ', 34),
(516, 'เขาวง   ', 34),
(517, 'ยางตลาด   ', 34),
(518, 'ห้วยเม็ก   ', 34),
(519, 'สหัสขันธ์   ', 34),
(520, 'คำม่วง   ', 34),
(521, 'ท่าคันโท   ', 34),
(522, 'หนองกุงศรี   ', 34),
(523, 'สมเด็จ   ', 34),
(524, 'ห้วยผึ้ง   ', 34),
(525, 'สามชัย   ', 34),
(526, 'นาคู   ', 34),
(527, 'ดอนจาน   ', 34),
(528, 'ฆ้องชัย   ', 34),
(529, 'เมืองสกลนคร   ', 35),
(530, 'กุสุมาลย์   ', 35),
(531, 'กุดบาก   ', 35),
(532, 'พรรณานิคม   ', 35),
(533, 'พังโคน   ', 35),
(534, 'วาริชภูมิ   ', 35),
(535, 'นิคมน้ำอูน   ', 35),
(536, 'วานรนิวาส   ', 35),
(537, 'คำตากล้า   ', 35),
(538, 'บ้านม่วง   ', 35),
(539, 'อากาศอำนวย   ', 35),
(540, 'สว่างแดนดิน   ', 35),
(541, 'ส่องดาว   ', 35),
(542, 'เต่างอย   ', 35),
(543, 'โคกศรีสุพรรณ   ', 35),
(544, 'เจริญศิลป์   ', 35),
(545, 'โพนนาแก้ว   ', 35),
(546, 'ภูพาน   ', 35),
(547, 'วานรนิวาส (สาขาตำบลกุดเรือคำ)*   ', 35),
(548, '*อ.บ้านหัน  จ.สกลนคร   ', 35),
(549, 'เมืองนครพนม   ', 36),
(550, 'ปลาปาก   ', 36),
(551, 'ท่าอุเทน   ', 36),
(552, 'บ้านแพง   ', 36),
(553, 'ธาตุพนม   ', 36),
(554, 'เรณูนคร   ', 36),
(555, 'นาแก   ', 36),
(556, 'ศรีสงคราม   ', 36),
(557, 'นาหว้า   ', 36),
(558, 'โพนสวรรค์   ', 36),
(559, 'นาทม   ', 36),
(560, 'วังยาง   ', 36),
(561, 'เมืองมุกดาหาร   ', 37),
(562, 'นิคมคำสร้อย   ', 37),
(563, 'ดอนตาล   ', 37),
(564, 'ดงหลวง   ', 37),
(565, 'คำชะอี   ', 37),
(566, 'หว้านใหญ่   ', 37),
(567, 'หนองสูง   ', 37),
(568, 'เมืองเชียงใหม่   ', 38),
(569, 'จอมทอง   ', 38),
(570, 'แม่แจ่ม   ', 38),
(571, 'เชียงดาว   ', 38),
(572, 'ดอยสะเก็ด   ', 38),
(573, 'แม่แตง   ', 38),
(574, 'แม่ริม   ', 38),
(575, 'สะเมิง   ', 38),
(576, 'ฝาง   ', 38),
(577, 'แม่อาย   ', 38),
(578, 'พร้าว   ', 38),
(579, 'สันป่าตอง   ', 38),
(580, 'สันกำแพง   ', 38),
(581, 'สันทราย   ', 38),
(582, 'หางดง   ', 38),
(583, 'ฮอด   ', 38),
(584, 'ดอยเต่า   ', 38),
(585, 'อมก๋อย   ', 38),
(586, 'สารภี   ', 38),
(587, 'เวียงแหง   ', 38),
(588, 'ไชยปราการ   ', 38),
(589, 'แม่วาง   ', 38),
(590, 'แม่ออน   ', 38),
(591, 'ดอยหล่อ   ', 38),
(592, 'เทศบาลนครเชียงใหม่ (สาขาแขวงกาลวิละ*   ', 38),
(593, 'เทศบาลนครเชียงใหม่ (สาขาแขวงศรีวิชั*   ', 38),
(594, 'เทศบาลนครเชียงใหม่ (สาขาเม็งราย*   ', 38),
(595, 'เมืองลำพูน   ', 39),
(596, 'แม่ทา   ', 39),
(597, 'บ้านโฮ่ง   ', 39),
(598, 'ลี้   ', 39),
(599, 'ทุ่งหัวช้าง   ', 39),
(600, 'ป่าซาง   ', 39),
(601, 'บ้านธิ   ', 39),
(602, 'เวียงหนองล่อง   ', 39),
(603, 'เมืองลำปาง   ', 40),
(604, 'แม่เมาะ   ', 40),
(605, 'เกาะคา   ', 40),
(606, 'เสริมงาม   ', 40),
(607, 'งาว   ', 40),
(608, 'แจ้ห่ม   ', 40),
(609, 'วังเหนือ   ', 40),
(610, 'เถิน   ', 40),
(611, 'แม่พริก   ', 40),
(612, 'แม่ทะ   ', 40),
(613, 'สบปราบ   ', 40),
(614, 'ห้างฉัตร   ', 40),
(615, 'เมืองปาน   ', 40),
(616, 'เมืองอุตรดิตถ์   ', 41),
(617, 'ตรอน   ', 41),
(618, 'ท่าปลา   ', 41),
(619, 'น้ำปาด   ', 41),
(620, 'ฟากท่า   ', 41),
(621, 'บ้านโคก   ', 41),
(622, 'พิชัย   ', 41),
(623, 'ลับแล   ', 41),
(624, 'ทองแสนขัน   ', 41),
(625, 'เมืองแพร่   ', 42),
(626, 'ร้องกวาง   ', 42),
(627, 'ลอง   ', 42),
(628, 'สูงเม่น   ', 42),
(629, 'เด่นชัย   ', 42),
(630, 'สอง   ', 42),
(631, 'วังชิ้น   ', 42),
(632, 'หนองม่วงไข่   ', 42),
(633, 'เมืองน่าน   ', 43),
(634, 'แม่จริม   ', 43),
(635, 'บ้านหลวง   ', 43),
(636, 'นาน้อย   ', 43),
(637, 'ปัว   ', 43),
(638, 'ท่าวังผา   ', 43),
(639, 'เวียงสา   ', 43),
(640, 'ทุ่งช้าง   ', 43),
(641, 'เชียงกลาง   ', 43),
(642, 'นาหมื่น   ', 43),
(643, 'สันติสุข   ', 43),
(644, 'บ่อเกลือ   ', 43),
(645, 'สองแคว   ', 43),
(646, 'ภูเพียง   ', 43),
(647, 'เฉลิมพระเกียรติ(43-หนองคาย)', 43),
(648, 'เมืองพะเยา   ', 44),
(649, 'จุน   ', 44),
(650, 'เชียงคำ   ', 44),
(651, 'เชียงม่วน   ', 44),
(652, 'ดอกคำใต้   ', 44),
(653, 'ปง   ', 44),
(654, 'แม่ใจ   ', 44),
(655, 'ภูซาง   ', 44),
(656, 'ภูกามยาว   ', 44),
(657, 'เมืองเชียงราย   ', 45),
(658, 'เวียงชัย   ', 45),
(659, 'เชียงของ   ', 45),
(660, 'เทิง   ', 45),
(661, 'พาน   ', 45),
(662, 'ป่าแดด   ', 45),
(663, 'แม่จัน   ', 45),
(664, 'เชียงแสน   ', 45),
(665, 'แม่สาย   ', 45),
(666, 'แม่สรวย   ', 45),
(667, 'เวียงป่าเป้า   ', 45),
(668, 'พญาเม็งราย   ', 45),
(669, 'เวียงแก่น   ', 45),
(670, 'ขุนตาล   ', 45),
(671, 'แม่ฟ้าหลวง   ', 45),
(672, 'แม่ลาว   ', 45),
(673, 'เวียงเชียงรุ้ง   ', 45),
(674, 'ดอยหลวง   ', 45),
(675, 'เมืองแม่ฮ่องสอน   ', 46),
(676, 'ขุนยวม   ', 46),
(677, 'ปาย   ', 46),
(678, 'แม่สะเรียง   ', 46),
(679, 'แม่ลาน้อย   ', 46),
(680, 'สบเมย   ', 46),
(681, 'ปางมะผ้า   ', 46),
(682, '*อ.ม่วยต่อ  จ.แม่ฮ่องสอน   ', 46),
(683, 'เมืองนครสวรรค์   ', 47),
(684, 'โกรกพระ   ', 47),
(685, 'ชุมแสง   ', 47),
(686, 'หนองบัว   ', 47),
(687, 'บรรพตพิสัย   ', 47),
(688, 'เก้าเลี้ยว   ', 47),
(689, 'ตาคลี   ', 47),
(690, 'ท่าตะโก   ', 47),
(691, 'ไพศาลี   ', 47),
(692, 'พยุหะคีรี   ', 47),
(693, 'ลาดยาว   ', 47),
(694, 'ตากฟ้า   ', 47),
(695, 'แม่วงก์   ', 47),
(696, 'แม่เปิน   ', 47),
(697, 'ชุมตาบง   ', 47),
(698, 'สาขาตำบลห้วยน้ำหอม*   ', 47),
(699, 'กิ่งอำเภอชุมตาบง (สาขาตำบลชุมตาบง)*   ', 47),
(700, 'แม่วงก์ (สาขาตำบลแม่เล่ย์)*   ', 47),
(701, 'เมืองอุทัยธานี   ', 48),
(702, 'ทัพทัน   ', 48),
(703, 'สว่างอารมณ์   ', 48),
(704, 'หนองฉาง   ', 48),
(705, 'หนองขาหย่าง   ', 48),
(706, 'บ้านไร่   ', 48),
(707, 'ลานสัก   ', 48),
(708, 'ห้วยคต   ', 48),
(709, 'เมืองกำแพงเพชร   ', 49),
(710, 'ไทรงาม   ', 49),
(711, 'คลองลาน   ', 49),
(712, 'ขาณุวรลักษบุรี   ', 49),
(713, 'คลองขลุง   ', 49),
(714, 'พรานกระต่าย   ', 49),
(715, 'ลานกระบือ   ', 49),
(716, 'ทรายทองวัฒนา   ', 49),
(717, 'ปางศิลาทอง   ', 49),
(718, 'บึงสามัคคี   ', 49),
(719, 'โกสัมพีนคร   ', 49),
(720, 'เมืองตาก   ', 50),
(721, 'บ้านตาก   ', 50),
(722, 'สามเงา   ', 50),
(723, 'แม่ระมาด   ', 50),
(724, 'ท่าสองยาง   ', 50),
(725, 'แม่สอด   ', 50),
(726, 'พบพระ   ', 50),
(727, 'อุ้มผาง   ', 50),
(728, 'วังเจ้า   ', 50),
(729, '*กิ่ง อ.ท่าปุย  จ.ตาก   ', 50),
(730, 'เมืองสุโขทัย   ', 51),
(731, 'บ้านด่านลานหอย   ', 51),
(732, 'คีรีมาศ   ', 51),
(733, 'กงไกรลาศ   ', 51),
(734, 'ศรีสัชนาลัย   ', 51),
(735, 'ศรีสำโรง   ', 51),
(736, 'สวรรคโลก   ', 51),
(737, 'ศรีนคร   ', 51),
(738, 'ทุ่งเสลี่ยม   ', 51),
(739, 'เมืองพิษณุโลก   ', 52),
(740, 'นครไทย   ', 52),
(741, 'ชาติตระการ   ', 52),
(742, 'บางระกำ   ', 52),
(743, 'บางกระทุ่ม   ', 52),
(744, 'พรหมพิราม   ', 52),
(745, 'วัดโบสถ์   ', 52),
(746, 'วังทอง   ', 52),
(747, 'เนินมะปราง   ', 52),
(748, 'เมืองพิจิตร   ', 53),
(749, 'วังทรายพูน   ', 53),
(750, 'โพธิ์ประทับช้าง   ', 53),
(751, 'ตะพานหิน   ', 53),
(752, 'บางมูลนาก   ', 53),
(753, 'โพทะเล   ', 53),
(754, 'สามง่าม   ', 53),
(755, 'ทับคล้อ   ', 53),
(756, 'สากเหล็ก   ', 53),
(757, 'บึงนาราง   ', 53),
(758, 'ดงเจริญ   ', 53),
(759, 'วชิรบารมี   ', 53),
(760, 'เมืองเพชรบูรณ์   ', 54),
(761, 'ชนแดน   ', 54),
(762, 'หล่มสัก   ', 54),
(763, 'หล่มเก่า   ', 54),
(764, 'วิเชียรบุรี   ', 54),
(765, 'ศรีเทพ   ', 54),
(766, 'หนองไผ่   ', 54),
(767, 'บึงสามพัน   ', 54),
(768, 'น้ำหนาว   ', 54),
(769, 'วังโป่ง   ', 54),
(770, 'เขาค้อ   ', 54),
(771, 'เมืองราชบุรี   ', 55),
(772, 'จอมบึง   ', 55),
(773, 'สวนผึ้ง   ', 55),
(774, 'ดำเนินสะดวก   ', 55),
(775, 'บ้านโป่ง   ', 55),
(776, 'บางแพ   ', 55),
(777, 'โพธาราม   ', 55),
(778, 'ปากท่อ   ', 55),
(779, 'วัดเพลง   ', 55),
(780, 'บ้านคา   ', 55),
(781, 'ท้องถิ่นเทศบาลตำบลบ้านฆ้อง   ', 55),
(782, 'เมืองกาญจนบุรี   ', 56),
(783, 'ไทรโยค   ', 56),
(784, 'บ่อพลอย   ', 56),
(785, 'ศรีสวัสดิ์   ', 56),
(786, 'ท่ามะกา   ', 56),
(787, 'ท่าม่วง   ', 56),
(788, 'ทองผาภูมิ   ', 56),
(789, 'สังขละบุรี   ', 56),
(790, 'พนมทวน   ', 56),
(791, 'เลาขวัญ   ', 56),
(792, 'ด่านมะขามเตี้ย   ', 56),
(793, 'หนองปรือ   ', 56),
(794, 'ห้วยกระเจา   ', 56),
(795, 'สาขาตำบลท่ากระดาน*   ', 56),
(796, '*บ้านทวน  จ.กาญจนบุรี   ', 56),
(797, 'เมืองสุพรรณบุรี   ', 57),
(798, 'เดิมบางนางบวช   ', 57),
(799, 'ด่านช้าง   ', 57),
(800, 'บางปลาม้า   ', 57),
(801, 'ศรีประจันต์   ', 57),
(802, 'ดอนเจดีย์   ', 57),
(803, 'สองพี่น้อง   ', 57),
(804, 'สามชุก   ', 57),
(805, 'อู่ทอง   ', 57),
(806, 'หนองหญ้าไซ   ', 57),
(807, 'เมืองนครปฐม   ', 58),
(808, 'กำแพงแสน   ', 58),
(809, 'นครชัยศรี   ', 58),
(810, 'ดอนตูม   ', 58),
(811, 'บางเลน   ', 58),
(812, 'สามพราน   ', 58),
(813, 'พุทธมณฑล   ', 58),
(814, 'เมืองสมุทรสาคร   ', 59),
(815, 'กระทุ่มแบน   ', 59),
(816, 'บ้านแพ้ว   ', 59),
(817, 'เมืองสมุทรสงคราม   ', 60),
(818, 'บางคนที   ', 60),
(819, 'อัมพวา   ', 60),
(820, 'เมืองเพชรบุรี   ', 61),
(821, 'เขาย้อย   ', 61),
(822, 'หนองหญ้าปล้อง   ', 61),
(823, 'ชะอำ   ', 61),
(824, 'ท่ายาง   ', 61),
(825, 'บ้านลาด   ', 61),
(826, 'บ้านแหลม   ', 61),
(827, 'แก่งกระจาน   ', 61),
(828, 'เมืองประจวบคีรีขันธ์   ', 62),
(829, 'กุยบุรี   ', 62),
(830, 'ทับสะแก   ', 62),
(831, 'บางสะพาน   ', 62),
(832, 'บางสะพานน้อย   ', 62),
(833, 'ปราณบุรี   ', 62),
(834, 'หัวหิน   ', 62),
(835, 'สามร้อยยอด   ', 62),
(836, 'เมืองนครศรีธรรมราช   ', 63),
(837, 'พรหมคีรี   ', 63),
(838, 'ลานสกา   ', 63),
(839, 'ฉวาง   ', 63),
(840, 'พิปูน   ', 63),
(841, 'เชียรใหญ่   ', 63),
(842, 'ชะอวด   ', 63),
(843, 'ท่าศาลา   ', 63),
(844, 'ทุ่งสง   ', 63),
(845, 'นาบอน   ', 63),
(846, 'ทุ่งใหญ่   ', 63),
(847, 'ปากพนัง   ', 63),
(848, 'ร่อนพิบูลย์   ', 63),
(849, 'สิชล   ', 63),
(850, 'ขนอม   ', 63),
(851, 'หัวไทร   ', 63),
(852, 'บางขัน   ', 63),
(853, 'ถ้ำพรรณรา   ', 63),
(854, 'จุฬาภรณ์   ', 63),
(855, 'พระพรหม   ', 63),
(856, 'นบพิตำ   ', 63),
(857, 'ช้างกลาง   ', 63),
(858, 'เฉลิมพระเกียรติ(63-ตาก)', 63),
(859, 'เชียรใหญ่ (สาขาตำบลเสือหึง)*   ', 63),
(860, 'สาขาตำบลสวนหลวง**   ', 63),
(861, 'ร่อนพิบูลย์ (สาขาตำบลหินตก)*   ', 63),
(862, 'หัวไทร (สาขาตำบลควนชะลิก)*   ', 63),
(863, 'ทุ่งสง (สาขาตำบลกะปาง)*   ', 63),
(864, 'เมืองกระบี่   ', 64),
(865, 'เขาพนม   ', 64),
(866, 'เกาะลันตา   ', 64),
(867, 'คลองท่อม   ', 64),
(868, 'อ่าวลึก   ', 64),
(869, 'ปลายพระยา   ', 64),
(870, 'ลำทับ   ', 64),
(871, 'เหนือคลอง   ', 64),
(872, 'เมืองพังงา   ', 65),
(873, 'เกาะยาว   ', 65),
(874, 'กะปง   ', 65),
(875, 'ตะกั่วทุ่ง   ', 65),
(876, 'ตะกั่วป่า   ', 65),
(877, 'คุระบุรี   ', 65),
(878, 'ทับปุด   ', 65),
(879, 'ท้ายเหมือง   ', 65),
(880, 'เมืองภูเก็ต   ', 66),
(881, 'กะทู้   ', 66),
(882, 'ถลาง   ', 66),
(883, '*ทุ่งคา   ', 66),
(884, 'เมืองสุราษฎร์ธานี   ', 67),
(885, 'กาญจนดิษฐ์   ', 67),
(886, 'ดอนสัก   ', 67),
(887, 'เกาะสมุย   ', 67),
(888, 'เกาะพะงัน   ', 67),
(889, 'ไชยา   ', 67),
(890, 'ท่าชนะ   ', 67),
(891, 'คีรีรัฐนิคม   ', 67),
(892, 'บ้านตาขุน   ', 67),
(893, 'พนม   ', 67),
(894, 'ท่าฉาง   ', 67),
(895, 'บ้านนาสาร   ', 67),
(896, 'บ้านนาเดิม   ', 67),
(897, 'เคียนซา   ', 67),
(898, 'เวียงสระ   ', 67),
(899, 'พระแสง   ', 67),
(900, 'พุนพิน   ', 67),
(901, 'ชัยบุรี   ', 67),
(902, 'วิภาวดี   ', 67),
(903, 'เกาะพงัน (สาขาตำบลเกาะเต่า)*   ', 67),
(904, '*อ.บ้านดอน  จ.สุราษฎร์ธานี   ', 67),
(905, 'เมืองระนอง   ', 68),
(906, 'ละอุ่น   ', 68),
(907, 'กะเปอร์   ', 68),
(908, 'กระบุรี   ', 68),
(909, 'สุขสำราญ   ', 68),
(910, 'เมืองชุมพร   ', 69),
(911, 'ท่าแซะ   ', 69),
(912, 'ปะทิว   ', 69),
(913, 'หลังสวน   ', 69),
(914, 'ละแม   ', 69),
(915, 'พะโต๊ะ   ', 69),
(916, 'สวี   ', 69),
(917, 'ทุ่งตะโก   ', 69),
(918, 'เมืองสงขลา   ', 70),
(919, 'สทิงพระ   ', 70),
(920, 'จะนะ   ', 70),
(921, 'นาทวี   ', 70),
(922, 'เทพา   ', 70),
(923, 'สะบ้าย้อย   ', 70),
(924, 'ระโนด   ', 70),
(925, 'กระแสสินธุ์   ', 70),
(926, 'รัตภูมิ   ', 70),
(927, 'สะเดา   ', 70),
(928, 'หาดใหญ่   ', 70),
(929, 'นาหม่อม   ', 70),
(930, 'ควนเนียง   ', 70),
(931, 'บางกล่ำ   ', 70),
(932, 'สิงหนคร   ', 70),
(933, 'คลองหอยโข่ง   ', 70),
(934, 'ท้องถิ่นเทศบาลตำบลสำนักขาม   ', 70),
(935, 'เทศบาลตำบลบ้านพรุ*   ', 70),
(936, 'เมืองสตูล   ', 71),
(937, 'ควนโดน   ', 71),
(938, 'ควนกาหลง   ', 71),
(939, 'ท่าแพ   ', 71),
(940, 'ละงู   ', 71),
(941, 'ทุ่งหว้า   ', 71),
(942, 'มะนัง   ', 71),
(943, 'เมืองตรัง   ', 72),
(944, 'กันตัง   ', 72),
(945, 'ย่านตาขาว   ', 72),
(946, 'ปะเหลียน   ', 72),
(947, 'สิเกา   ', 72),
(948, 'ห้วยยอด   ', 72),
(949, 'วังวิเศษ   ', 72),
(950, 'นาโยง   ', 72),
(951, 'รัษฎา   ', 72),
(952, 'หาดสำราญ   ', 72),
(953, 'อำเภอเมืองตรัง(สาขาคลองเต็ง)**   ', 72),
(954, 'เมืองพัทลุง   ', 73),
(955, 'กงหรา   ', 73),
(956, 'เขาชัยสน   ', 73),
(957, 'ตะโหมด   ', 73),
(958, 'ควนขนุน   ', 73),
(959, 'ปากพะยูน   ', 73),
(960, 'ศรีบรรพต   ', 73),
(961, 'ป่าบอน   ', 73),
(962, 'บางแก้ว   ', 73),
(963, 'ป่าพะยอม   ', 73),
(964, 'ศรีนครินทร์   ', 73),
(965, 'เมืองปัตตานี   ', 74),
(966, 'โคกโพธิ์   ', 74),
(967, 'หนองจิก   ', 74),
(968, 'ปะนาเระ   ', 74),
(969, 'มายอ   ', 74),
(970, 'ทุ่งยางแดง   ', 74),
(971, 'สายบุรี   ', 74),
(972, 'ไม้แก่น   ', 74),
(973, 'ยะหริ่ง   ', 74),
(974, 'ยะรัง   ', 74),
(975, 'กะพ้อ   ', 74),
(976, 'แม่ลาน   ', 74),
(977, 'เมืองยะลา   ', 75),
(978, 'เบตง   ', 75),
(979, 'บันนังสตา   ', 75),
(980, 'ธารโต   ', 75),
(981, 'ยะหา   ', 75),
(982, 'รามัน   ', 75),
(983, 'กาบัง   ', 75),
(984, 'กรงปินัง   ', 75),
(985, 'เมืองนราธิวาส   ', 76),
(986, 'ตากใบ   ', 76),
(987, 'บาเจาะ   ', 76),
(988, 'ยี่งอ   ', 76),
(989, 'ระแงะ   ', 76),
(990, 'รือเสาะ   ', 76),
(991, 'ศรีสาคร   ', 76),
(992, 'แว้ง   ', 76),
(993, 'สุคิริน   ', 76),
(994, 'สุไหงโก-ลก   ', 76),
(995, 'สุไหงปาดี   ', 76),
(996, 'จะแนะ   ', 76),
(997, 'เจาะไอร้อง   ', 76),
(998, '*อ.บางนรา  จ.นราธิวาส   ', 76);

-- --------------------------------------------------------

--
-- Table structure for table `car`
--

CREATE TABLE `car` (
  `car_id` int(11) NOT NULL,
  `car_license` varchar(50) NOT NULL,
  `car_brand` varchar(100) NOT NULL,
  `car_color` varchar(50) DEFAULT NULL,
  `car_seat` int(11) NOT NULL,
  `car_status` enum('available','unavailable') DEFAULT 'available',
  `car_image` varchar(255) DEFAULT NULL,
  `driver_id` varchar(255) DEFAULT NULL
) ENGINE=InnoDB DEFAULT CHARSET=utf8 COLLATE=utf8_general_ci;

--
-- Dumping data for table `car`
--

INSERT INTO `car` (`car_id`, `car_license`, `car_brand`, `car_color`, `car_seat`, `car_status`, `car_image`, `driver_id`) VALUES
(60, '9กม370', 'Alphard Toyota ', 'บรอนซ์', 10, 'available', '1745069385_70519e21b99ede665ffe1f042e4bd436-2919147152372618318.jpg', '116');

-- --------------------------------------------------------

--
-- Table structure for table `driver`
--

CREATE TABLE `driver` (
  `driver_id` int(11) NOT NULL,
  `driver_user` varchar(50) NOT NULL,
  `driver_password` varchar(255) NOT NULL,
  `driver_name` varchar(100) NOT NULL,
  `driver_lastname` varchar(100) NOT NULL,
  `driver_tel` varchar(15) DEFAULT NULL,
  `driver_province` varchar(255) DEFAULT NULL,
  `driver_amphur` varchar(255) DEFAULT NULL,
  `driver_image` varchar(22) DEFAULT NULL
) ENGINE=InnoDB DEFAULT CHARSET=utf8 COLLATE=utf8_general_ci;

--
-- Dumping data for table `driver`
--

INSERT INTO `driver` (`driver_id`, `driver_user`, `driver_password`, `driver_name`, `driver_lastname`, `driver_tel`, `driver_province`, `driver_amphur`, `driver_image`) VALUES
(116, 'driver1', '$2y$10$Oiam8B4HlXnzo5BJRpn2yeRfixs1AofAg7vF1rdsyTVhwxlkdPfMK', 'นายสุดหล่อ', 'ลากไส้', '0896523652', '11', '137', 'driver_1745069314.jpg');

-- --------------------------------------------------------

--
-- Table structure for table `faculties`
--

CREATE TABLE `faculties` (
  `faculty_id` int(11) NOT NULL,
  `faculty_name` varchar(100) NOT NULL
) ENGINE=InnoDB DEFAULT CHARSET=utf8mb4 COLLATE=utf8mb4_general_ci;

--
-- Dumping data for table `faculties`
--

INSERT INTO `faculties` (`faculty_id`, `faculty_name`) VALUES
(3, 'บริหารธุรกิจ'),
(5, 'บัญชี'),
(4, 'วิทยาศาสตร์'),
(1, 'วิศวกรรมศาสตร์'),
(2, 'เทคโนโลยี');

-- --------------------------------------------------------

--
-- Table structure for table `majors`
--

CREATE TABLE `majors` (
  `major_id` int(11) NOT NULL,
  `major_name` varchar(100) NOT NULL,
  `faculty_id` int(11) NOT NULL
) ENGINE=InnoDB DEFAULT CHARSET=utf8mb4 COLLATE=utf8mb4_general_ci;

--
-- Dumping data for table `majors`
--

INSERT INTO `majors` (`major_id`, `major_name`, `faculty_id`) VALUES
(1, 'สาขาวิชาวิศวกรรมเครื่องกล', 1),
(2, 'สาขาวิชาวิศวกรรมไฟฟ้า', 1),
(3, 'สาขาวิชาวิศวกรรมอุตสาหการ', 1),
(4, 'สาขาวิชาเทคโนโลยีการจัดการอุตสาหกรรม', 2),
(5, 'สาขาวิชาการบัญชี 1', 3),
(6, 'สาขาวิชาคอมพิวเตอร์ธุรกิจ', 3),
(7, 'สาขาวิชาการจัดการทั่วไป', 3),
(8, 'สาขาวิชาเทคโนโลยีสารสนเทศ', 4),
(9, 'สาขาวิชาเทคโนโลยีคอมพิวเตอร์', 4),
(10, 'สาขาวิชาการบัญชี 2', 5);

-- --------------------------------------------------------

--
-- Table structure for table `news`
--

CREATE TABLE `news` (
  `news_id` int(11) NOT NULL,
  `news_title` varchar(255) NOT NULL,
  `news_content` text NOT NULL,
  `news_image` varchar(255) DEFAULT NULL,
  `news_date` date NOT NULL,
  `created_at` timestamp NOT NULL DEFAULT current_timestamp()
) ENGINE=InnoDB DEFAULT CHARSET=utf8mb4 COLLATE=utf8mb4_general_ci;

--
-- Dumping data for table `news`
--

INSERT INTO `news` (`news_id`, `news_title`, `news_content`, `news_image`, `news_date`, `created_at`) VALUES
(3, 'ประกาศจากศูนย์อีเทค', 'ตั้งแต่วันอาทิตย์ที่ 6,20,27 เมษายน 2568 \r\nกรุณาตรวจสอบรายชื่อการนั่งรถ-จุดขึ้นรถ-ทะเบียนรถ และเบอร์โทรคนขับรถ ให้เรียบร้อย\r\nรายชื่อนี้ เฉพาะนักศึกษาที่ชำระเงินค่ารถตู้ และ ลงระบบใน Google Forme. เท่านั้น\r\nและตรงต่อเวลาในการขึ้นรถ\r\nนักศึกษาที่ไม่นั่งรถในวันดังกล่าว ให้แจ้งชื่อ-สกุล สาขา รถคันที่นั่ง ในกลุ่มสายรถด้วย\r\nดังนั้น นักศึกษาคนใดที่ไม่ได้ชำระเงิน ขอสงวนสิทธิ์ในการนั่งรถ\r\nตามเอกสารที่แนบมาที่แนบมานี้\r\nสอบถามเพิ่มเติม 088-8096038 อ.ปูนักศึกษาคนใดที่ชำระเงินค่ารถตู้ เดือนเมษายน 25668', '680e17a4bb18d.jpg', '2025-04-27', '2025-04-27 11:22:45'),
(4, 'ประกาศมหาวิทยาลัยธนบุรี', 'วันหยุดประจำปีและวันหยุดพักผ่อนของบุคลากร ประจำปี 2568', '680e183816871.jpg', '2025-04-27', '2025-04-27 11:42:48');

-- --------------------------------------------------------

--
-- Table structure for table `payment_info`
--

CREATE TABLE `payment_info` (
  `id` int(11) NOT NULL,
  `bank_name` varchar(255) NOT NULL,
  `account_name` varchar(255) NOT NULL,
  `account_number` varchar(50) NOT NULL,
  `qr_code_path` varchar(255) NOT NULL,
  `created_at` timestamp NOT NULL DEFAULT current_timestamp(),
  `updated_at` timestamp NOT NULL DEFAULT current_timestamp() ON UPDATE current_timestamp()
) ENGINE=InnoDB DEFAULT CHARSET=utf8mb4 COLLATE=utf8mb4_general_ci;

--
-- Dumping data for table `payment_info`
--

INSERT INTO `payment_info` (`id`, `bank_name`, `account_name`, `account_number`, `qr_code_path`, `created_at`, `updated_at`) VALUES
(1, 'ธนาคารกสิกรไทย', 'บริษัท ตัวอย่าง จำกัด', '123-4-56789-0', 'imgQR/Profile.jpg', '2025-04-19 08:01:07', '2025-04-27 10:39:59');

-- --------------------------------------------------------

--
-- Table structure for table `professors`
--

CREATE TABLE `professors` (
  `pro_ID` int(11) NOT NULL,
  `pro_username` varchar(50) NOT NULL,
  `pro_password` varchar(255) NOT NULL,
  `pro_firstname` varchar(100) NOT NULL,
  `pro_lastname` varchar(100) NOT NULL,
  `pro_phone` varchar(15) DEFAULT NULL,
  `login_status` enum('active','inactive') DEFAULT 'inactive',
  `last_login` timestamp NOT NULL DEFAULT current_timestamp() ON UPDATE current_timestamp(),
  `created_at` timestamp NOT NULL DEFAULT current_timestamp(),
  `route_ID` int(11) DEFAULT NULL
) ENGINE=InnoDB DEFAULT CHARSET=utf8 COLLATE=utf8_general_ci;

-- --------------------------------------------------------

--
-- Table structure for table `province`
--

CREATE TABLE `province` (
  `PROVINCE_ID` int(5) NOT NULL,
  `PROVINCE_NAME` varchar(150) NOT NULL
) ENGINE=InnoDB DEFAULT CHARSET=utf8 COLLATE=utf8_unicode_ci;

--
-- Dumping data for table `province`
--

INSERT INTO `province` (`PROVINCE_ID`, `PROVINCE_NAME`) VALUES
(1, 'กรุงเทพมหานคร   '),
(2, 'สมุทรปราการ   '),
(3, 'นนทบุรี   '),
(4, 'ปทุมธานี   '),
(5, 'พระนครศรีอยุธยา   '),
(6, 'อ่างทอง   '),
(7, 'ลพบุรี   '),
(8, 'สิงห์บุรี   '),
(9, 'ชัยนาท   '),
(10, 'สระบุรี'),
(11, 'ชลบุรี   '),
(12, 'ระยอง   '),
(13, 'จันทบุรี   '),
(14, 'ตราด   '),
(15, 'ฉะเชิงเทรา   '),
(16, 'ปราจีนบุรี   '),
(17, 'นครนายก   '),
(18, 'สระแก้ว   '),
(19, 'นครราชสีมา   '),
(20, 'บุรีรัมย์   '),
(21, 'สุรินทร์   '),
(22, 'ศรีสะเกษ   '),
(23, 'อุบลราชธานี   '),
(24, 'ยโสธร   '),
(25, 'ชัยภูมิ   '),
(26, 'อำนาจเจริญ   '),
(27, 'หนองบัวลำภู   '),
(28, 'ขอนแก่น   '),
(29, 'อุดรธานี   '),
(30, 'เลย   '),
(31, 'หนองคาย   '),
(32, 'มหาสารคาม   '),
(33, 'ร้อยเอ็ด   '),
(34, 'กาฬสินธุ์   '),
(35, 'สกลนคร   '),
(36, 'นครพนม   '),
(37, 'มุกดาหาร   '),
(38, 'เชียงใหม่   '),
(39, 'ลำพูน   '),
(40, 'ลำปาง   '),
(41, 'อุตรดิตถ์   '),
(42, 'แพร่   '),
(43, 'น่าน   '),
(44, 'พะเยา   '),
(45, 'เชียงราย   '),
(46, 'แม่ฮ่องสอน   '),
(47, 'นครสวรรค์   '),
(48, 'อุทัยธานี   '),
(49, 'กำแพงเพชร   '),
(50, 'ตาก   '),
(51, 'สุโขทัย   '),
(52, 'พิษณุโลก   '),
(53, 'พิจิตร   '),
(54, 'เพชรบูรณ์   '),
(55, 'ราชบุรี   '),
(56, 'กาญจนบุรี   '),
(57, 'สุพรรณบุรี   '),
(58, 'นครปฐม   '),
(59, 'สมุทรสาคร   '),
(60, 'สมุทรสงคราม   '),
(61, 'เพชรบุรี   '),
(62, 'ประจวบคีรีขันธ์   '),
(63, 'นครศรีธรรมราช   '),
(64, 'กระบี่   '),
(65, 'พังงา   '),
(66, 'ภูเก็ต   '),
(67, 'สุราษฎร์ธานี   '),
(68, 'ระนอง   '),
(69, 'ชุมพร   '),
(70, 'สงขลา   '),
(71, 'สตูล   '),
(72, 'ตรัง   '),
(73, 'พัทลุง   '),
(74, 'ปัตตานี   '),
(75, 'ยะลา   '),
(76, 'นราธิวาส   '),
(77, 'บึงกาฬ');

-- --------------------------------------------------------

--
-- Table structure for table `queue`
--

CREATE TABLE `queue` (
  `queue_id` int(11) NOT NULL,
  `province_id` int(11) NOT NULL,
  `amphur_id` int(11) NOT NULL,
  `location` varchar(255) NOT NULL,
  `car_id` int(11) NOT NULL,
  `created_at` timestamp NOT NULL DEFAULT current_timestamp(),
  `year` varchar(255) DEFAULT NULL,
  `status_car` enum('ว่าง','ถึงจุดรับ','ออกเดินทาง','ถึงที่หมาย','ปิดงาน') DEFAULT 'ว่าง',
  `queue_date` date DEFAULT NULL
) ENGINE=InnoDB DEFAULT CHARSET=utf8 COLLATE=utf8_general_ci;

--
-- Dumping data for table `queue`
--

INSERT INTO `queue` (`queue_id`, `province_id`, `amphur_id`, `location`, `car_id`, `created_at`, `year`, `status_car`, `queue_date`) VALUES
(154, 11, 137, 'หน้าอำเภอบ้านบึง', 60, '2025-04-19 08:31:04', '2025', 'ปิดงาน', '2025-05-11');

-- --------------------------------------------------------

--
-- Table structure for table `queue_log`
--

CREATE TABLE `queue_log` (
  `log_id` int(11) NOT NULL,
  `queue_id` int(11) NOT NULL,
  `status_car` varchar(50) NOT NULL,
  `log_timestamp` datetime NOT NULL
) ENGINE=InnoDB DEFAULT CHARSET=utf8 COLLATE=utf8_general_ci;

--
-- Dumping data for table `queue_log`
--

INSERT INTO `queue_log` (`log_id`, `queue_id`, `status_car`, `log_timestamp`) VALUES
(46, 154, 'ถึงจุดรับ', '2025-04-19 20:33:19'),
(47, 154, 'ออกเดินทาง', '2025-04-19 20:33:53'),
(48, 154, 'ถึงที่หมาย', '2025-04-19 20:34:04'),
(49, 154, 'ปิดงาน', '2025-04-19 20:34:46');

-- --------------------------------------------------------

--
-- Table structure for table `queue_student`
--

CREATE TABLE `queue_student` (
  `queue_student_id` int(11) NOT NULL,
  `queue_id` int(11) NOT NULL,
  `student_id` int(10) NOT NULL,
  `created_at` timestamp NOT NULL DEFAULT current_timestamp(),
  `status` enum('ว่าง','ไม่ขึ้นรถ','ลา','ขึ้นรถแล้ว','เลิกเรียนแล้ว') DEFAULT 'ว่าง'
) ENGINE=InnoDB DEFAULT CHARSET=utf8 COLLATE=utf8_general_ci;

--
-- Dumping data for table `queue_student`
--

INSERT INTO `queue_student` (`queue_student_id`, `queue_id`, `student_id`, `created_at`, `status`) VALUES
(193, 154, 64, '2025-04-19 13:31:04', 'ว่าง'),
(194, 154, 63, '2025-04-19 13:31:04', 'ว่าง');

-- --------------------------------------------------------

--
-- Table structure for table `routes`
--

CREATE TABLE `routes` (
  `route_ID` int(11) NOT NULL,
  `province` varchar(100) NOT NULL,
  `amphur` varchar(100) NOT NULL,
  `location` varchar(255) NOT NULL,
  `price` decimal(10,2) NOT NULL,
  `route_image` varchar(255) DEFAULT NULL
) ENGINE=InnoDB DEFAULT CHARSET=utf8 COLLATE=utf8_general_ci;

--
-- Dumping data for table `routes`
--

INSERT INTO `routes` (`route_ID`, `province`, `amphur`, `location`, `price`, `route_image`) VALUES
(123, '11', '137', 'ตลาดบ้านบึง', 150.00, NULL),
(124, '11', '137', 'วัดบ้านบึง', 100.00, NULL),
(125, '11', '137', 'โรงเรียนบ้านบึงอุตสาหกรรมนุเคราะห์', 120.00, NULL),
(126, '11', '137', 'สวนสาธารณะบ้านบึง', 80.00, NULL),
(127, '11', '137', 'โรงพยาบาลบ้านบึง', 200.00, NULL),
(128, '11', '137', 'หนองชาก', 130.00, NULL),
(129, '11', '137', 'หมู่บ้านหนองไผ่', 90.00, NULL),
(130, '11', '137', 'ถนนบ้านบึง-แกลง', 180.00, NULL),
(132, '11', '137', 'ฟาร์มเลี้ยงไก่บ้านบึง', 160.00, NULL),
(133, '1', '1', 'โรงเรียนกรุงเทพคริสเตียน', 70.00, 'uploads/route_img/1742801916_Screenshot 2025-03-23 222029.png'),
(134, '11', '137', 'หน้าอำเภอบ้านบึง', 135.00, 'uploads/route_img/1744637146_67fd0cdaaf3ff.jpg');

-- --------------------------------------------------------

--
-- Table structure for table `students`
--

CREATE TABLE `students` (
  `stu_ID` int(10) NOT NULL,
  `stu_username` varchar(255) NOT NULL,
  `stu_password` varchar(255) NOT NULL,
  `stu_year` varchar(4) NOT NULL,
  `stu_license` varchar(13) NOT NULL,
  `stu_name` varchar(255) NOT NULL,
  `stu_lastname` varchar(255) NOT NULL,
  `stu_tel` varchar(10) NOT NULL,
  `stu_faculty` varchar(255) NOT NULL,
  `stu_major` varchar(255) NOT NULL,
  `stu_status` enum('ขึ้นรถแล้ว','ลา','สาย','เลิกเรียนแล้ว') DEFAULT NULL,
  `created_at` timestamp NOT NULL DEFAULT current_timestamp(),
  `last_login` datetime DEFAULT NULL,
  `login_status` varchar(20) DEFAULT 'inactive',
  `stu_img` varchar(255) DEFAULT NULL
) ENGINE=InnoDB DEFAULT CHARSET=utf8 COLLATE=utf8_general_ci;

--
-- Dumping data for table `students`
--

INSERT INTO `students` (`stu_ID`, `stu_username`, `stu_password`, `stu_year`, `stu_license`, `stu_name`, `stu_lastname`, `stu_tel`, `stu_faculty`, `stu_major`, `stu_status`, `created_at`, `last_login`, `login_status`, `stu_img`) VALUES
(63, 'student1', '$2y$10$3RlXva.Q1RIELmRBR9AHlu/kktdY4IQSCst/wqvbr5USU/Jz/Bs.m', '2565', '6601103077011', 'ศราวุธ', 'เพิ่มรัตน์', '0889620832', 'วิทยาศาสตร์', 'สาขาวิชาเทคโนโลยีสารสนเทศ', 'เลิกเรียนแล้ว', '2025-04-19 13:01:32', '2025-04-27 21:33:38', 'active', 'uploads/68039eaca71c1.jpg'),
(64, 'student2', '$2y$10$JCBU1bN8f.m8ghJvunOtVOsil9/aXMu7X6sWwXVdLwHafP2NQiOwm', '2565', '6601103077021', 'กิตติ', 'บุญมีรอด', '0896523654', 'วิศวกรรมศาสตร์', 'สาขาวิชาวิศวกรรมไฟฟ้า', 'เลิกเรียนแล้ว', '2025-04-19 13:06:45', '2025-04-27 20:24:47', 'active', '6803a3cd0afcb.jpg');

-- --------------------------------------------------------

--
-- Table structure for table `student_status_log`
--

CREATE TABLE `student_status_log` (
  `status_log_id` int(11) NOT NULL,
  `queue_id` int(11) NOT NULL,
  `student_id` int(11) NOT NULL,
  `stu_status` varchar(50) DEFAULT NULL,
  `log_timestamp` datetime NOT NULL
) ENGINE=InnoDB DEFAULT CHARSET=utf8 COLLATE=utf8_general_ci;

--
-- Dumping data for table `student_status_log`
--

INSERT INTO `student_status_log` (`status_log_id`, `queue_id`, `student_id`, `stu_status`, `log_timestamp`) VALUES
(54, 154, 63, 'ขึ้นรถแล้ว', '2025-04-19 20:33:33'),
(55, 154, 64, 'ขึ้นรถแล้ว', '2025-04-19 20:33:35'),
(56, 154, 63, 'เลิกเรียนแล้ว', '2025-04-19 20:34:19'),
(57, 154, 64, 'เลิกเรียนแล้ว', '2025-04-19 20:34:22'),
(58, 154, 63, 'เลิกเรียนแล้ว', '2025-04-19 20:34:46'),
(59, 154, 64, 'เลิกเรียนแล้ว', '2025-04-19 20:34:46');

-- --------------------------------------------------------

--
-- Table structure for table `transport_registration`
--

CREATE TABLE `transport_registration` (
  `id` int(11) NOT NULL,
  `transport_schedule_id` int(11) DEFAULT NULL,
  `route_id` int(11) DEFAULT NULL,
  `num_of_days` int(11) DEFAULT NULL,
  `total_price` decimal(10,2) DEFAULT NULL,
  `payment_status` enum('Paid','Pending Confirmation') NOT NULL DEFAULT 'Paid',
  `payment_receipt_image` varchar(255) DEFAULT NULL,
  `created_at` timestamp NOT NULL DEFAULT current_timestamp(),
  `stu_username` varchar(255) DEFAULT NULL
) ENGINE=InnoDB DEFAULT CHARSET=utf8 COLLATE=utf8_general_ci;

--
-- Dumping data for table `transport_registration`
--

INSERT INTO `transport_registration` (`id`, `transport_schedule_id`, `route_id`, `num_of_days`, `total_price`, `payment_status`, `payment_receipt_image`, `created_at`, `stu_username`) VALUES
(68, 71, 134, 4, 540.00, 'Paid', 'uploads/receipts/6803a41022eca_หลักฐานการโอนเงิน.jpg', '2025-04-19 13:24:32', 'student2'),
(69, 71, 134, 4, 540.00, 'Paid', 'uploads/receipts/6803a49389ddc_หลักฐานการโอนเงิน.jpg', '2025-04-19 13:26:43', 'student1');

-- --------------------------------------------------------

--
-- Table structure for table `transport_schedule`
--

CREATE TABLE `transport_schedule` (
  `id` int(11) NOT NULL,
  `month` int(11) NOT NULL,
  `year` int(11) NOT NULL,
  `available_dates` text DEFAULT NULL,
  `created_at` timestamp NOT NULL DEFAULT current_timestamp(),
  `num_of_days` int(11) NOT NULL
) ENGINE=InnoDB DEFAULT CHARSET=utf8 COLLATE=utf8_general_ci;

--
-- Dumping data for table `transport_schedule`
--

INSERT INTO `transport_schedule` (`id`, `month`, `year`, `available_dates`, `created_at`, `num_of_days`) VALUES
(71, 5, 2025, '4, 11, 18, 25', '2025-04-10 10:07:13', 4),
(72, 2, 2026, '4, 11, 18, 25', '2025-04-14 15:13:16', 4);

--
-- Indexes for dumped tables
--

--
-- Indexes for table `admin`
--
ALTER TABLE `admin`
  ADD PRIMARY KEY (`admin_ID`),
  ADD UNIQUE KEY `admin_username` (`admin_username`);

--
-- Indexes for table `amphur`
--
ALTER TABLE `amphur`
  ADD PRIMARY KEY (`AMPHUR_ID`),
  ADD KEY `fk_province` (`PROVINCE_ID`);

--
-- Indexes for table `car`
--
ALTER TABLE `car`
  ADD PRIMARY KEY (`car_id`),
  ADD UNIQUE KEY `car_license` (`car_license`);

--
-- Indexes for table `driver`
--
ALTER TABLE `driver`
  ADD PRIMARY KEY (`driver_id`),
  ADD UNIQUE KEY `driver_user` (`driver_user`);

--
-- Indexes for table `faculties`
--
ALTER TABLE `faculties`
  ADD PRIMARY KEY (`faculty_id`),
  ADD UNIQUE KEY `faculty_name` (`faculty_name`);

--
-- Indexes for table `majors`
--
ALTER TABLE `majors`
  ADD PRIMARY KEY (`major_id`),
  ADD UNIQUE KEY `major_name` (`major_name`),
  ADD KEY `faculty_id` (`faculty_id`);

--
-- Indexes for table `news`
--
ALTER TABLE `news`
  ADD PRIMARY KEY (`news_id`);

--
-- Indexes for table `payment_info`
--
ALTER TABLE `payment_info`
  ADD PRIMARY KEY (`id`);

--
-- Indexes for table `professors`
--
ALTER TABLE `professors`
  ADD PRIMARY KEY (`pro_ID`),
  ADD UNIQUE KEY `pro_username` (`pro_username`),
  ADD KEY `route_ID` (`route_ID`);

--
-- Indexes for table `province`
--
ALTER TABLE `province`
  ADD PRIMARY KEY (`PROVINCE_ID`);

--
-- Indexes for table `queue`
--
ALTER TABLE `queue`
  ADD PRIMARY KEY (`queue_id`),
  ADD KEY `province_id` (`province_id`),
  ADD KEY `amphur_id` (`amphur_id`),
  ADD KEY `car_id` (`car_id`);

--
-- Indexes for table `queue_log`
--
ALTER TABLE `queue_log`
  ADD PRIMARY KEY (`log_id`),
  ADD KEY `fk_queue_log_queue_id` (`queue_id`);

--
-- Indexes for table `queue_student`
--
ALTER TABLE `queue_student`
  ADD PRIMARY KEY (`queue_student_id`),
  ADD KEY `queue_id` (`queue_id`),
  ADD KEY `fk_student_id` (`student_id`);

--
-- Indexes for table `routes`
--
ALTER TABLE `routes`
  ADD PRIMARY KEY (`route_ID`);

--
-- Indexes for table `students`
--
ALTER TABLE `students`
  ADD PRIMARY KEY (`stu_ID`),
  ADD UNIQUE KEY `stu_username` (`stu_username`);

--
-- Indexes for table `student_status_log`
--
ALTER TABLE `student_status_log`
  ADD PRIMARY KEY (`status_log_id`),
  ADD KEY `fk_student_status_queue_id` (`queue_id`),
  ADD KEY `fk_student_status_student_id` (`student_id`);

--
-- Indexes for table `transport_registration`
--
ALTER TABLE `transport_registration`
  ADD PRIMARY KEY (`id`),
  ADD KEY `transport_schedule_id` (`transport_schedule_id`),
  ADD KEY `route_id` (`route_id`),
  ADD KEY `fk_stu_username` (`stu_username`);

--
-- Indexes for table `transport_schedule`
--
ALTER TABLE `transport_schedule`
  ADD PRIMARY KEY (`id`);

--
-- AUTO_INCREMENT for dumped tables
--

--
-- AUTO_INCREMENT for table `admin`
--
ALTER TABLE `admin`
  MODIFY `admin_ID` int(11) NOT NULL AUTO_INCREMENT, AUTO_INCREMENT=2;

--
-- AUTO_INCREMENT for table `amphur`
--
ALTER TABLE `amphur`
  MODIFY `AMPHUR_ID` int(5) NOT NULL AUTO_INCREMENT, AUTO_INCREMENT=999;

--
-- AUTO_INCREMENT for table `car`
--
ALTER TABLE `car`
  MODIFY `car_id` int(11) NOT NULL AUTO_INCREMENT, AUTO_INCREMENT=61;

--
-- AUTO_INCREMENT for table `driver`
--
ALTER TABLE `driver`
  MODIFY `driver_id` int(11) NOT NULL AUTO_INCREMENT, AUTO_INCREMENT=117;

--
-- AUTO_INCREMENT for table `faculties`
--
ALTER TABLE `faculties`
  MODIFY `faculty_id` int(11) NOT NULL AUTO_INCREMENT, AUTO_INCREMENT=7;

--
-- AUTO_INCREMENT for table `majors`
--
ALTER TABLE `majors`
  MODIFY `major_id` int(11) NOT NULL AUTO_INCREMENT, AUTO_INCREMENT=12;

--
-- AUTO_INCREMENT for table `news`
--
ALTER TABLE `news`
  MODIFY `news_id` int(11) NOT NULL AUTO_INCREMENT, AUTO_INCREMENT=5;

--
-- AUTO_INCREMENT for table `payment_info`
--
ALTER TABLE `payment_info`
  MODIFY `id` int(11) NOT NULL AUTO_INCREMENT, AUTO_INCREMENT=2;

--
-- AUTO_INCREMENT for table `professors`
--
ALTER TABLE `professors`
  MODIFY `pro_ID` int(11) NOT NULL AUTO_INCREMENT;

--
-- AUTO_INCREMENT for table `province`
--
ALTER TABLE `province`
  MODIFY `PROVINCE_ID` int(5) NOT NULL AUTO_INCREMENT, AUTO_INCREMENT=78;

--
-- AUTO_INCREMENT for table `queue`
--
ALTER TABLE `queue`
  MODIFY `queue_id` int(11) NOT NULL AUTO_INCREMENT, AUTO_INCREMENT=155;

--
-- AUTO_INCREMENT for table `queue_log`
--
ALTER TABLE `queue_log`
  MODIFY `log_id` int(11) NOT NULL AUTO_INCREMENT, AUTO_INCREMENT=50;

--
-- AUTO_INCREMENT for table `queue_student`
--
ALTER TABLE `queue_student`
  MODIFY `queue_student_id` int(11) NOT NULL AUTO_INCREMENT, AUTO_INCREMENT=195;

--
-- AUTO_INCREMENT for table `routes`
--
ALTER TABLE `routes`
  MODIFY `route_ID` int(11) NOT NULL AUTO_INCREMENT, AUTO_INCREMENT=136;

--
-- AUTO_INCREMENT for table `students`
--
ALTER TABLE `students`
  MODIFY `stu_ID` int(10) NOT NULL AUTO_INCREMENT, AUTO_INCREMENT=65;

--
-- AUTO_INCREMENT for table `student_status_log`
--
ALTER TABLE `student_status_log`
  MODIFY `status_log_id` int(11) NOT NULL AUTO_INCREMENT, AUTO_INCREMENT=60;

--
-- AUTO_INCREMENT for table `transport_registration`
--
ALTER TABLE `transport_registration`
  MODIFY `id` int(11) NOT NULL AUTO_INCREMENT, AUTO_INCREMENT=70;

--
-- AUTO_INCREMENT for table `transport_schedule`
--
ALTER TABLE `transport_schedule`
  MODIFY `id` int(11) NOT NULL AUTO_INCREMENT, AUTO_INCREMENT=77;

--
-- Constraints for dumped tables
--

--
-- Constraints for table `majors`
--
ALTER TABLE `majors`
  ADD CONSTRAINT `majors_ibfk_1` FOREIGN KEY (`faculty_id`) REFERENCES `faculties` (`faculty_id`) ON DELETE CASCADE;

--
-- Constraints for table `professors`
--
ALTER TABLE `professors`
  ADD CONSTRAINT `professors_ibfk_1` FOREIGN KEY (`route_ID`) REFERENCES `routes` (`route_ID`) ON DELETE SET NULL ON UPDATE CASCADE;

--
-- Constraints for table `queue`
--
ALTER TABLE `queue`
  ADD CONSTRAINT `queue_ibfk_1` FOREIGN KEY (`province_id`) REFERENCES `province` (`PROVINCE_ID`) ON DELETE CASCADE ON UPDATE CASCADE,
  ADD CONSTRAINT `queue_ibfk_2` FOREIGN KEY (`amphur_id`) REFERENCES `amphur` (`AMPHUR_ID`) ON DELETE CASCADE ON UPDATE CASCADE,
  ADD CONSTRAINT `queue_ibfk_3` FOREIGN KEY (`car_id`) REFERENCES `car` (`car_id`) ON DELETE CASCADE ON UPDATE CASCADE;

--
-- Constraints for table `queue_log`
--
ALTER TABLE `queue_log`
  ADD CONSTRAINT `fk_queue_log_queue_id` FOREIGN KEY (`queue_id`) REFERENCES `queue` (`queue_id`) ON DELETE CASCADE;

--
-- Constraints for table `queue_student`
--
ALTER TABLE `queue_student`
  ADD CONSTRAINT `fk_student_id` FOREIGN KEY (`student_id`) REFERENCES `students` (`stu_ID`) ON DELETE CASCADE ON UPDATE CASCADE,
  ADD CONSTRAINT `queue_student_ibfk_1` FOREIGN KEY (`queue_id`) REFERENCES `queue` (`queue_id`) ON DELETE CASCADE ON UPDATE CASCADE;

--
-- Constraints for table `student_status_log`
--
ALTER TABLE `student_status_log`
  ADD CONSTRAINT `fk_student_status_queue_id` FOREIGN KEY (`queue_id`) REFERENCES `queue` (`queue_id`) ON DELETE CASCADE,
  ADD CONSTRAINT `fk_student_status_student_id` FOREIGN KEY (`student_id`) REFERENCES `students` (`stu_ID`) ON DELETE CASCADE;

--
-- Constraints for table `transport_registration`
--
ALTER TABLE `transport_registration`
  ADD CONSTRAINT `fk_stu_username` FOREIGN KEY (`stu_username`) REFERENCES `students` (`stu_username`),
  ADD CONSTRAINT `transport_registration_ibfk_2` FOREIGN KEY (`transport_schedule_id`) REFERENCES `transport_schedule` (`id`),
  ADD CONSTRAINT `transport_registration_ibfk_3` FOREIGN KEY (`route_id`) REFERENCES `routes` (`route_ID`);
COMMIT;

/*!40101 SET CHARACTER_SET_CLIENT=@OLD_CHARACTER_SET_CLIENT */;
/*!40101 SET CHARACTER_SET_RESULTS=@OLD_CHARACTER_SET_RESULTS */;
/*!40101 SET COLLATION_CONNECTION=@OLD_COLLATION_CONNECTION */;
